1572.0000	553.0000
1458.0000	709.0000
1098.0000	1164.0000
808.0000	1534.0000
1434.0000	739.0000
997.0000	1283.0000
1571.0000	565.0000
722.0000	1687.0000
716.0000	1669.0000
1655.0000	452.0000
950.0000	1359.0000
988.0000	1304.0000
1212.0000	1007.0000
1201.0000	1026.0000
834.0000	1493.0000
1671.0000	429.0000
1537.0000	611.0000
776.0000	1597.0000
1186.0000	1050.0000
818.0000	1515.0000
791.0000	1576.0000
1427.0000	755.0000
1585.0000	532.0000
1518.0000	638.0000
1376.0000	833.0000
1137.0000	1117.0000
924.0000	1392.0000
1011.0000	1261.0000
714.0000	1679.0000
1391.0000	810.0000
