candidates,stage,samples,p50_ms,p95_ms,p99_ms
10,prep_us,355,6.529,13.737,24.312
10,candidate_us,355,1.997,5.701,12.535
10,facts_us,355,4.345,13.411,36.617
10,decision_us,355,0.194,0.557,0.773
10,composition_us,355,0.954,2.620,4.129
10,persistence_us,355,2.468,7.227,18.893
10,total_us,355,17.741,35.963,113.030
50,prep_us,190,5.207,7.530,12.849
50,candidate_us,190,2.925,5.709,11.943
50,facts_us,190,3.742,7.318,8.951
50,decision_us,190,0.495,1.218,1.552
50,composition_us,190,1.280,2.640,3.635
50,persistence_us,190,2.266,5.063,10.800
50,total_us,190,16.733,26.138,32.283
80,prep_us,130,4.582,10.271,16.691
80,candidate_us,130,3.299,6.497,14.979
80,facts_us,130,3.688,9.154,11.164
80,decision_us,130,0.600,1.388,3.012
80,composition_us,130,1.259,3.036,4.294
80,persistence_us,130,2.468,5.865,12.814
80,total_us,130,16.250,28.738,39.342
